"编号","标题","帖子链接","作者","媒体名","日期","调性","标签"
"27988","[求助!!!]----方太燃气灶打火一直响","37:32.0","null","贴吧导入","2013-12-30","正","配套信息;售后质量"
"27973","[求助!!!]----方太燃气灶打火一直响","37:33.0","null","贴吧导入","2013-12-30","正","配套信息;售后质量"
"27890","[求助!!!]----方太燃气灶打火一直响","58:48.0","null","贴吧导入","2013-12-30","正","产品评测;配套信息;售后质量"
"27837","[求助!!!]----方太燃气灶打火一直响","58:49.0","null","贴吧导入","2013-12-30","正","新品负面;品牌资讯;售后质量"
"27820","[求助!!!]----方太燃气灶打火一直响","58:50.0","null","贴吧导入","2013-12-30","正","新品负面;品牌资讯;售后质量"
"27714","[求助!!!]----方太燃气灶打火一直响","58:52.0","null","贴吧导入","2013-12-30","正","新品负面;品牌资讯;售后质量"
"27666","[求助!!!]----方太燃气灶打火一直响","58:53.0","null","贴吧导入","2013-12-30","正","新品负面;品牌资讯;售后质量"
"27614","[求助!!!]----方太燃气灶打火一直响","58:51.0","null","贴吧导入","2013-12-30","正","新品负面;品牌资讯;售后质量"
"27587","[求助!!!]----方太燃气灶打火一直响","58:54.0","null","贴吧导入","2013-12-30","正","新品负面;品牌资讯;售后质量"
"27538","[求助!!!]----方太燃气灶打火一直响","58:59.0","null","贴吧导入","2013-12-30","正","新品负面;品牌资讯;售后质量"
"27453","[求助!!!]----方太燃气灶打火一直响","58:57.0","null","贴吧导入","2013-12-30","正","新品负面;品牌资讯;售后质量"
"27422","[求助!!!]----方太燃气灶打火一直响","58:58.0","null","贴吧导入","2013-12-30","正","新品负面;品牌资讯;售后质量"
"27393","[求助!!!]----方太燃气灶打火一直响","59:00.0","null","贴吧导入","2013-12-30","正","新品负面;品牌资讯;售后质量"
"27377","金钱诚可贵，生命价更高--宝宝换鞋记","http://bbs.16888.com/thread-618224-1-1.html","null","车主社区","2013-12-30","正","新品负面;品牌资讯;售后质量"
"27360","[求助!!!]----方太燃气灶打火一直响","26:31.0","null","贴吧导入","2013-12-30","正","新品负面;品牌资讯;售后质量"
"27358","[求助!!!]----方太燃气灶打火一直响","27:53.0","null","贴吧导入","2013-12-30","正","新品负面;品牌资讯;售后质量"
"27355","[求助!!!]----方太燃气灶打火一直响","27:47.0","null","贴吧导入","2013-12-30","正","新品负面;品牌资讯;售后质量"
"3816"," AT胎 Vs 雪地胎的暗中较量――愉快的周末雪乡自驾游作业3","http://club2011.auto.163.com/post/100012861665.html","null","网易","2013-12-19","正","售后质量"
"3815"," AT胎 Vs 雪地胎的暗中较量――愉快的周末雪乡自驾游作业2","http://bbs.xgo.com.cn/thread-1473538-1-1.html","null","汽车点评网","2013-12-19","正","新品负面;品牌资讯"
"3814"," AT胎 Vs 雪地胎的暗中较量――愉快的周末雪乡自驾游作业1","http://baa.bitauto.com/zj/thread-4910819.html#40439882","null","易车网","2013-12-19","正","新品负面;配套信息;售后质量"
"3813"," AT胎 Vs 雪地胎的暗中较量――愉快的周末雪乡自驾游作业4","http://baa.bitauto.com/hunan/thread-4910813.html#40439809","null","易车网","2013-12-19","正","品牌资讯"
"3812","粤语八级考试(JD050701)","http://bbs.voc.com.cn/topic-70571-1-1.html","null","广东会馆","2013-12-23","正","促销"
"3810","[原创]臭美一下。","http://bbs.voc.com.cn/topic-1764966-1-1.html","null","帅男贴图","2013-12-23","正","促销"
"3809","田间的赤裸少女","http://bbs.voc.com.cn/topic-5292502-1-1.html","null","人体艺术","2013-12-23","正","促销"
"2126","大名县委书记办公室被捕当场搜出十万现金","http://bbs.voc.com.cn/topic-5705899-1-1.html","null","湖湘天地","2013-12-21","正","售后质量"
"2125","关于评选华声户外月（年）度牛人、月（年）度牛线的公告","http://bbs.voc.com.cn/topic-5132844-1-1.html","null","相约同行","2013-12-21","正","产品评测"
"2121","[原创]浅思","http://bbs.voc.com.cn/topic-5692871-1-1.html","null","河南社区","2013-12-21","正","售后质量"
"2118","【粉红荷花音画】马到成功――祝华声论坛所有朋友元旦快乐","http://bbs.voc.com.cn/topic-5683823-1-1.html","null","特效绝美","2013-12-21","正","工厂"
"2110","狗叫翻译器：汪星人你究竟在吼什么","http://bbs.voc.com.cn/topic-5705950-1-1.html","null","湖湘天地","2013-12-21","正","售后质量"
"2109","亲眼目睹领导在车里骑我老婆身上","http://bbs.voc.com.cn/topic-1674863-1-1.html","null","光阴故事","2013-12-21","正","品牌资讯"
"2108","[原创]梦里守在你床前","http://bbs.voc.com.cn/topic-5678831-1-1.html","null","河南社区","2013-12-21","正","待遇/人事"
"2107","瑞雨音画――【新年快乐】","http://bbs.voc.com.cn/topic-5700610-1-1.html","null","特效绝美","2013-12-21","正","待遇/人事"
"2106","那些已被淡忘的真实传说：僵尸之传","http://bbs.voc.com.cn/topic-5694679-1-1.html","null","异度空间","2013-12-21","正","售后质量"
"2105","神州瑶都（中国・江华）2013年瑶族盘王节现场精彩分享","http://bbs.voc.com.cn/topic-5704090-1-1.html","null","湖湘天地","2013-12-21","正","爆胎"
"2103","【漫步音画】长相思-文/月雨弄花影","http://bbs.voc.com.cn/topic-5697707-1-1.html","null","特效绝美","2013-12-21","正","售后质量"
"2102","[下载]《卓越品质实力保障》新雨林木风GhostWin7SP1装机版20...","http://bbs.voc.com.cn/topic-5686132-1-1.html","null","电脑数码","2013-12-21","正","爆胎"
"2101","[原创]灵魂上的雪花","http://bbs.voc.com.cn/topic-5693799-1-1.html","null","河南社区","2013-12-21","正","待遇/人事"
"2100","华硕笔记本&台式机专用系统GhostWin7旗舰版v2013.12【加精版】...","http://bbs.voc.com.cn/topic-5686101-1-1.html","null","电脑数码","2013-12-21","正","产品评测;工厂;售后质量"
"2099","假鬼变真鬼","http://bbs.voc.com.cn/topic-5697417-1-1.html","null","异度空间","2013-12-21","正","产品评测;工厂;售后质量"
"2098","[原创]祝福","http://bbs.voc.com.cn/topic-5698534-1-1.html","null","河南社区","2013-12-21","正","产品评测;工厂;售后质量"
"2071","【祝福贺帖】祝论坛朋友圣诞.新年快乐！","http://bbs.voc.com.cn/topic-5705419-1-1.html","null","特效绝美","2013-12-21","正","产品评测;工厂;售后质量"
"2070","河南话8级考试：不及格很正常你也来试试？","http://bbs.voc.com.cn/topic-2040103-1-1.html","null","河南社区","2013-12-21","正","产品评测;工厂;售后质量"
"2069","【无痕装机办公室电脑必选】电脑公司GhostXP_SP3v2013.12【30000次下...","http://bbs.voc.com.cn/topic-5657387-1-1.html","null","电脑数码","2013-12-21","正","产品评测;工厂;售后质量"
"2068","【冠军音画】&#9825;^_^&#9825;祝所有朋友圣诞节快乐&#9825;^_^&#9825;","http://bbs.voc.com.cn/topic-5705254-1-1.html","null","特效绝美","2013-12-21","正","产品评测;工厂;售后质量"
"2067","勿以善小而不为-------积善郑州，善事善综。[分享]","http://bbs.voc.com.cn/topic-3602094-1-1.html","null","河南社区","2013-12-21","正","产品评测;工厂;售后质量"
"2066","【VIP大客户装机泄露版】联想笔记本&台式机专用系统GHOSTXPSP3海...","http://bbs.voc.com.cn/topic-5656170-1-1.html","null","电脑数码","2013-12-21","正","产品评测;工厂;售后质量"
"2065","悉尼阳光的房子怎么样，可能买啊","http://bbs.hefei.cc/thread-1352937-1-1.html","null","盛世名城","2013-12-21","正","产品评测;工厂;售后质量"
"2064","【百合特效】中国字画","http://bbs.voc.com.cn/topic-5701771-1-1.html","null","特效绝美","2013-12-21","正","产品评测;工厂;售后质量"
"2063","[姓氏寻根]姓出河南","http://bbs.voc.com.cn/topic-1345428-1-1.html","null","河南社区","2013-12-21","正","产品评测;工厂;售后质量"
"2062","【32位精品装机】GhostWin7Sp1电脑公司装机万能版v2013.12【经典―...","http://bbs.voc.com.cn/topic-5659042-1-1.html","null","电脑数码","2013-12-21","正","产品评测;工厂;售后质量"
"2061","【精品装机】新雨林木风GhostWin7SP1装机版2013.12【推土机】","http://bbs.voc.com.cn/topic-5659055-1-1.html","null","电脑数码","2013-12-21","正","待遇/人事"
"2060","●50金币，轻松休闲区请你来策划活动主题●","http://bbs.voc.com.cn/topic-4529783-1-1.html","null","异度空间","2013-12-21","正","待遇/人事"
"2059","银滩公园看到的两台房车在做饭","http://bbs.voc.com.cn/topic-5673250-1-1.html","null","摄友摄色","2013-12-21","正","待遇/人事"
"2058","2013年，印象最深的电影是哪一部？","http://bbs.voc.com.cn/topic-5697247-1-1.html","null","异度空间","2013-12-21","正","待遇/人事"
"2057","[原创]狐梦（连载）(更新中……)","http://bbs.voc.com.cn/topic-2027182-1-1.html","null","光阴故事","2013-12-21","正","待遇/人事"
"2056","罕见微笑太阳从北海升起是何意象？","http://bbs.voc.com.cn/topic-5673164-1-1.html","null","摄友摄色","2013-12-21","正","待遇/人事"
"2055","摆渡（小说光阴）[原创]","http://bbs.voc.com.cn/topic-5684733-1-1.html","null","光阴故事","2013-12-21","正","待遇/人事"
"2054","【寂寞沙洲音画】释水集.夕拾（祝梦雪儿生日快乐）","http://bbs.voc.com.cn/topic-5694664-1-1.html","null","特效绝美","2013-12-21","正","待遇/人事"
"2053","河南南阳籍书法家王兆聚先生书法汇编[原创]","http://bbs.voc.com.cn/topic-5644694-1-1.html","null","河南社区","2013-12-21","正","待遇/人事"
"2052","张浩文《绝秦书》呈现出的雄浑和苍凉","http://bbs.voc.com.cn/topic-5695151-1-1.html","null","不拍不快","2013-12-21","正","待遇/人事"
"2051","【梦中情音画】一剑尽挽破文字：花未眠贴赠蓝天、湖水","http://bbs.voc.com.cn/topic-5692987-1-1.html","null","特效绝美","2013-12-21","正","待遇/人事"
"2050","大河南，大郸城！[贴图]","http://bbs.voc.com.cn/topic-5689559-1-1.html","null","河南社区","2013-12-21","正","待遇/人事"
"2049","【雪儿模版】如梦令TO老师天狼~师傅小海豚。贺生辰","http://bbs.voc.com.cn/topic-5703268-1-1.html","null","特效绝美","2013-12-21","正","待遇/人事"
"2048","惠普品牌通XP;GhostWin7Sp1；32；64位旗舰版v2013.12","http://bbs.voc.com.cn/topic-5676173-1-1.html","null","电脑数码","2013-12-21","正","售后质量"
"2047","哲理小故事","http://bbs.voc.com.cn/topic-2981540-1-1.html","null","河南社区","2013-12-21","正","售后质量"
"2046","【寂寞沙洲音画】水上书.浔花（祝小海豚生日快乐）","http://bbs.voc.com.cn/topic-5705852-1-1.html","null","特效绝美","2013-12-21","正","售后质量"
"2045","网金心情故事之《踏雪寻梦》~~~~~~~~~","http://bbs.voc.com.cn/topic-245556-1-1.html","null","光阴故事","2013-12-21","正","售后质量"
"2044","龙应台“炮灰史观”的催眠术","http://bbs.voc.com.cn/topic-5695912-1-1.html","null","不拍不快","2013-12-21","正","售后质量"
"2043","费玉清演唱会","http://bbs.voc.com.cn/topic-5684610-1-1.html","null","摄友摄色","2013-12-21","正","售后质量"
"2042","建议]小区业主委员会已经成立,大家有什么好的建议","http://bbs.hefei.cc/thread-911267-1-1.html","null","虹雨花园","2013-12-21","正","售后质量"
